"CRASH_ID","SER_NO","CRASH_DT","CRASH_MO_NO","CRASH_DAY_NO","CRASH_YR_NO","CRASH_WK_DAY_CD","CRASH_HR_NO","CRASH_HR_SHORT_DESC","CNTY_ID","CNTY_NM","CITY_SECT_ID","CITY_SECT_NM","URB_AREA_CD","URB_AREA_SHORT_NM","FC_CD","FC_SHORT_DESC","NHS_FLG","HWY_NO","HWY_SFX_NO","HWY_MED_NM","RDWY_NO","HWY_COMPNT_CD","HWY_COMPNT_SHORT_DESC","MLGE_TYP_CD","MLGE_TYP_SHORT_DESC","RD_CON_NO","LRS_VAL","LAT_DEG_NO","LAT_MINUTE_NO","LAT_SEC_NO","LONGTD_DEG_NO","LONGTD_MINUTE_NO","LONGTD_SEC_NO","LAT_DD","LONGTD_DD","SPECL_JRSDCT_ID","SPECL_JRSDCT_SHORT_DESC","JRSDCT_GRP_CD","JRSDCT_GRP_LONG_DESC","AGY_ST_NO","ST_FULL_NM","RECRE_RD_NM","ISECT_AGY_ST_NO","ISECT_ST_FULL_NM","ISECT_RECRE_RD_NM","ISECT_SEQ_NO","FROM_ISECT_DSTNC_QTY","CMPSS_DIR_CD","MP_NO","POST_SPEED_LMT_VAL","RD_CHAR_CD","RD_CHAR_SHORT_DESC","OFF_RDWY_FLG","ISECT_TYP_CD","ISECT_TYP_SHORT_DESC","ISECT_REL_FLG","RNDABT_FLG","DRVWY_REL_FLG","LN_QTY","TURNG_LEG_QTY","MEDN_TYP_CD","MEDN_TYP_SHORT_DESC","IMPCT_LOC_CD","CRASH_TYP_CD","CRASH_TYP_SHORT_DESC","COLLIS_TYP_CD","COLLIS_TYP_SHORT_DESC","CRASH_SVRTY_CD","CRASH_SVRTY_SHORT_DESC","WTHR_COND_CD","WTHR_COND_SHORT_DESC","RD_SURF_COND_CD","RD_SURF_SHORT_DESC","LGT_COND_CD","LGT_COND_SHORT_DESC","TRAF_CNTL_DEVICE_CD","TRAF_CNTL_DEVICE_SHORT_DESC","TRAF_CNTL_FUNC_FLG","INVSTG_AGY_CD","INVSTG_AGY_SHORT_DESC","CRASH_EVNT_1_CD","CRASH_EVNT_1_SHORT_DESC","CRASH_EVNT_2_CD","CRASH_EVNT_2_SHORT_DESC","CRASH_EVNT_3_CD","CRASH_EVNT_3_SHORT_DESC","CRASH_CAUSE_1_CD","CRASH_CAUSE_1_SHORT_DESC","CRASH_CAUSE_2_CD","CRASH_CAUSE_2_SHORT_DESC","CRASH_CAUSE_3_CD","CRASH_CAUSE_3_SHORT_DESC","SCHL_ZONE_IND","WRK_ZONE_IND","SCNDRY_CRASH_IND","ALCHL_INVLV_FLG","DRUG_INVLV_FLG","MJ_INVLV_FLG","CRASH_SPEED_INVLV_FLG","CRASH_HIT_RUN_FLG","POP_RNG_CD","POP_RNG_MED_DESC","RD_CNTL_CD","RD_CNTL_MED_DESC","RTE_TYP_CD","RTE_ID","RTE_NM","REG_ID","DIST_ID","SEG_MRK_ID","SEG_PT_LRS_MEAS","UNLOCT_FLG","CRASH_LAST_UD_DT","TOT_VHCL_CNT","TOT_FATAL_CNT","TOT_INJ_LVL_A_CNT","TOT_INJ_LVL_B_CNT","TOT_INJ_LVL_C_CNT","TOT_INJ_CNT","TOT_UNINJD_AGE00_04_CNT","TOT_UNINJD_PER_CNT","TOT_PED_CNT","TOT_PED_FATAL_CNT","TOT_PED_INJ_LVL_A_CNT","TOT_PED_INJ_CNT","TOT_PEDCYCL_CNT","TOT_PEDCYCL_FATAL_CNT","TOT_PEDCYCL_INJ_LVL_A_CNT","TOT_PEDCYCL_INJ_CNT","TOT_UNKNWN_CNT","TOT_UNKNWN_FATAL_CNT","TOT_UNKNWN_INJ_CNT","TOT_OCCUP_CNT","TOT_PER_INVLV_CNT","TOT_SFTY_EQUIP_USED_QTY","TOT_SFTY_EQUIP_UNUSED_QTY","TOT_SFTY_EQUIP_USE_UNKNOWN_QTY","TOT_PSNGR_VHCL_OCC_UNRESTRND_FATAL_CNT","TOT_MCYCLST_FATAL_CNT","TOT_MCYCLST_INJ_LVL_A_CNT","TOT_MCYCLST_INJ_CNT","TOT_MCYCLST_UNHELMTD_FATAL_CNT","TOT_ALCHL_IMPAIRED_DRVR_INV_FATAL_CNT","TOT_DRVR_AGE_01_20_CNT","LANE_RDWY_DPRT_CRASH_FLG"
"1850298","09361","2019-08-30 00:00:00","08","30","2019","6","18","6P ","26","Multnomah","245","Portland SE","57","PORTLAND UA    ","16","U MN-ART","False","","","","","","","","","","","45","31","8.570000000000000","-122","32","2.020000000000000","45.519047002056254","-122.533894662085670","","","","","02259  ","SE STARK ST                 ","","05126  ","SE 126TH AVE                ","","1","0","7","","","1","INTER   ","False","3","3-LEG  ","False","False","False","","0","","","06","A","ANGL-STP  ","6","TURN    ","4","INJ","0","UNK ","1","DRY ","1","DAY ","004","STOP SIGN ","True","0","NONE  ","","","","","","","08","IMP-TURN","","","","","","","","False","False","False","False","False","9","Over 200,000","1","PORTLAND CITY STREET","","","","1","02B","58_115812","","False","2020-11-22 14:23:56","2","0","0","1","0","1","0","2","0","0","0","0","0","0","0","0","0","0","0","3","3","2","0","1","0","0","0","0","0","0","0","N"
"1838891","02643","2019-07-14 00:00:00","07","14","2019","1","13","1P ","24","Marion","184","Salem","67","SALEM-KZ UA    ","14","U PR-ART","True","","","","","","","","","","","44","56","27.480000000000000","-122","58","59.080000000000000","44.940967010844400","-122.983078319238540","","","","","01408  ","LANCASTER DR NE             ","","00616  ","DENVER AVE NE               ","","1","220","5","","","2","ALLEY   ","True","","","False","False","False","4","","0","NONE ","08","6","BIKE      ","6","TURN    ","4","INJ","1","CLR ","1","DRY ","1","DAY ","099","UNKNOWN   ","True","3","CITY  ","","","","","","","02","NO-YIELD","","","","","0","0","0","False","False","False","False","False","8","100,001 to 200,000","3","URBAN CITY STREET ","","","","2","03 ","53_10003139","","False","2020-09-16 07:37:43","1","0","0","1","0","1","0","1","0","0","0","0","1","0","0","1","0","0","0","1","2","0","1","1","0","0","0","0","0","0","0","N"
"1826425","00545","2019-04-17 00:00:00","04","17","2019","4","11","11A","22","Linn","","","","","02","R PR-ART","True","210","  ","CORVALLIS-LEBANON","1","0","MN","0","R","","021000100S00","44","33","50.580000000000000","-123","12","10.270000000000000","44.564050242268020","-123.202851872428570","","","","","","                            ","","","                            ","","","","9","2.78","55","1","INTER   ","False","3","3-LEG  ","False","False","False","","0","","","03","D","S-1TURN   ","6","TURN    ","4","INJ","2","CLD ","1","DRY ","1","DAY ","004","STOP SIGN ","True","1","STATE ","","","","","","","08","IMP-TURN","","","","","0","0","0","False","False","False","False","False","","","5","RURAL HWY SYSTEM","OR","34   ","OR 34     ","2","04 ","293_12651","","False","2020-06-17 16:17:13","2","0","1","1","0","2","0","3","0","0","0","0","0","0","0","0","0","0","0","5","5","5","0","0","0","0","0","0","0","0","0","N"
"1843405","04903","2019-06-04 00:00:00","06","04","2019","3","09","9A ","26","Multnomah","245","Portland SE","57","PORTLAND UA    ","17","U MJ-COL","False","","","","","","","","","","","45","30","19.140000000000000","-122","36","32.370000000000000","45.505317065607790","-122.608992129484460","","","","","00614  ","SE DIVISION ST              ","","05052  ","SE 52ND AVE                 ","","1","0","7","","","1","INTER   ","False","1","CROSS  ","False","False","False","","0","","","06","E","S-1STOP   ","3","REAR    ","4","INJ","0","UNK ","0","UNK ","1","DAY ","001","TRF SIGNAL","True","5","NO RPT","","","","","","","29","F AVOID ","","","","","","","","False","False","False","False","False","9","Over 200,000","1","PORTLAND CITY STREET","","","","1","02B","58_119478","","False","2020-10-14 09:44:38","2","0","0","0","1","1","0","1","0","0","0","0","0","0","0","0","0","0","0","2","2","0","0","2","0","0","0","0","0","0","0","N"
"1854812","01072","2019-02-05 00:00:00","02","05","2019","3","07","7A ","26","Multnomah","243","Portland NE","57","PORTLAND UA    ","14","U PR-ART","True","","","","","","","","","","","45","34","58.550000000000000","-122","40","4.120000000000000","45.582930217874804","-122.667810024918980","","","","","00472  ","NE COLUMBIA BLVD            ","","02504  ","NE VANCOUVER AVE            ","","1","0","3","","","1","INTER   ","False","1","CROSS  ","False","False","False","","0","","","06","E","S-1STOP   ","3","REAR    ","5","PDO","0","UNK ","4","ICE ","4","DAWN","001","TRF SIGNAL","True","0","NONE  ","124","SLIPPERY  ","","","","","01","TOO-FAST","","","","","","","","False","False","False","True","False","9","Over 200,000","1","PORTLAND CITY STREET","","","","1","02B","58_193350","","False","2020-12-19 17:58:14","2","0","0","0","0","0","0","2","0","0","0","0","0","0","0","0","0","0","0","2","2","0","0","2","0","0","0","0","0","0","0","N"
"1871792","04522","2019-11-03 00:00:00","11","03","2019","1","23","11P","24","Marion","110","Keizer","67","SALEM-KZ UA    ","19","U LOCAL ","False","","","","","","","","","","","44","59","6.770000000000000","-123","0","54.190000000000000","44.985212810253710","-123.015052824260420","","","","","00121  ","ARNOLD ST NE                ","","00220  ","BEEBE ST NE                 ","","1","249","1","","","3","STRGHT  ","False","","","False","False","False","2","","0","NONE ","00","2","PRKD MV   ","5","SS-O    ","5","PDO","0","UNK ","0","UNK ","2","DLIT","099","UNKNOWN   ","True","0","NONE  ","","","","","","","29","F AVOID ","","","","","","","","False","False","False","False","False","6","25,001 to 50,000","3","URBAN CITY STREET ","","","","2","03 ","53_10001418","","False","2021-03-16 21:48:15","2","0","0","0","0","0","0","1","0","0","0","0","0","0","0","0","0","0","0","1","1","0","0","1","0","0","0","0","0","0","0","N"
"1859080","03546","2019-07-13 00:00:00","07","13","2019","7","16","4P ","34","Washington","92","Hillsboro","57","PORTLAND UA    ","16","U MN-ART","False","","","","","","","","","","","45","33","3.300000000000000","-122","55","34.890000000000000","45.550916242909720","-122.926359019303530","","","","","00224  ","NE BROOKWOOD PKY            ","","00710  ","NE EVERGREEN PKY            ","","1","0","5","","","1","INTER   ","False","1","CROSS  ","False","False","False","","3","","","06","E","S-1STOP   ","3","REAR    ","5","PDO","1","CLR ","1","DRY ","1","DAY ","001","TRF SIGNAL","True","0","NONE  ","","","","","","","29","F AVOID ","","","","","","","","False","False","False","False","False","8","100,001 to 200,000","3","URBAN CITY STREET ","","","","1","02B","58_201137","","False","2021-01-13 19:31:02","2","0","0","0","0","0","0","2","0","0","0","0","0","0","0","0","0","0","0","2","2","1","0","1","0","0","0","0","0","0","0","N"
"1864653","00246","2019-04-19 00:00:00","04","19","2019","6","17","5P ","27","Polk","99","Independence","47","MONM-IND UA    ","16","U MN-ART","False","","","","","","","","","","","44","50","44.430000000000000","-123","10","57.640000000000000","44.845673972903430","-123.182678058889330","","","","","02203  ","S RIVER RD                  ","","01501  ","MAIN ST                     ","","1","500","7","","55","8","BRIDGE  ","False","","","False","False","False","2","","0","NONE ","08","E","S-1STOP   ","3","REAR    ","5","PDO","3","RAIN","2","WET ","1","DAY ","000","NONE      ","True","3","CITY  ","013","FORCED    ","","","","","16","FATIGUE ","","","","","0","0","0","False","False","False","False","False","4","5,001 to 10,000","3","URBAN CITY STREET ","","","","2","03 ","18_180044","","False","2021-02-09 20:41:51","2","0","0","0","0","0","0","4","0","0","0","0","0","0","0","0","0","0","0","4","4","3","0","1","0","0","0","0","0","0","0","N"
"1847673","04637","2019-11-20 00:00:00","11","20","2019","4","16","4P ","24","Marion","184","Salem","67","SALEM-KZ UA    ","19","U LOCAL ","False","","","","","","","","","","","44","56","56.510000000000000","-123","1","19.070000000000000","44.949030509098360","-123.021962534233040","","","","","01520  ","MARKET ST NE                ","","01528  ","MCCOY AVE NE                ","","1","0","2","","","1","INTER   ","False","3","3-LEG  ","False","False","False","","0","","","06","E","S-1STOP   ","3","REAR    ","4","INJ","1","CLR ","1","DRY ","1","DAY ","004","STOP SIGN ","True","0","NONE  ","","","","","","","29","F AVOID ","","","","","","","","False","False","False","False","False","8","100,001 to 200,000","3","URBAN CITY STREET ","","","","2","03 ","53_10012358","","False","2020-11-04 16:41:03","2","0","0","0","1","1","0","1","0","0","0","0","0","0","0","0","0","0","0","2","2","1","0","1","0","0","0","0","0","0","0","N"
"1840703","03013","2019-08-09 00:00:00","08","09","2019","6","15","3P ","24","Marion","184","Salem","67","SALEM-KZ UA    ","16","U MN-ART","False","","","","","","","","","","","44","54","17.120000000000000","-123","3","1.280000000000000","44.904755905248780","-123.050355912340970","","","","","01433  ","S LIBERTY RD                ","","01504  ","MADRONA AVE S               ","","1","0","6","","","1","INTER   ","False","1","CROSS  ","False","False","False","","0","","","06","E","S-1STOP   ","3","REAR    ","4","INJ","1","CLR ","1","DRY ","1","DAY ","099","UNKNOWN   ","True","3","CITY  ","","","","","","","07","TOO-CLOS","","","","","0","0","0","False","False","False","False","False","8","100,001 to 200,000","3","URBAN CITY STREET ","","","","2","03 ","53_10004075","","False","2020-09-27 09:16:25","2","0","0","0","2","2","0","1","0","0","0","0","0","0","0","0","0","0","0","3","3","3","0","0","0","0","0","0","0","0","1","N"
"1836266","01955","2019-06-28 00:00:00","06","28","2019","6","16","4P ","20","Lane","","","","","02","R PR-ART","True","015","  ","MCKENZIE","1","0","MN","0","R","","001500100S00","44","11","1.620000000000000","-122","5","34.900000000000000","44.183783311976440","-122.093027795338780","","","","","","                            ","","","                            ","","","","0","54","55","3","STRGHT  ","True","","","False","False","False","2","","0","NONE ","01","8","FIX OBJ   ","9","FIX     ","4","INJ","1","CLR ","1","DRY ","1","DAY ","099","UNKNOWN   ","True","1","STATE ","079","DITCH     ","010","SUB OTRN  ","","","16","FATIGUE ","","","","","0","0","","False","False","False","False","False","","","5","RURAL HWY SYSTEM","OR","126  ","OR 126    ","2","05 ","293_541","","False","2020-08-30 18:55:57","1","0","0","1","0","1","0","0","0","0","0","0","0","0","0","0","0","0","0","1","1","1","0","0","0","0","0","0","0","0","0","Y"
"1852110","06566","2019-07-22 00:00:00","07","22","2019","2","06","6A ","26","Multnomah","","","","","07","R MJ-COL","False","","","","","","","","","","","45","36","30.030000000000000","-122","51","51.210000000000000","45.608341532092070","-122.864226179028300","","","","","01818  ","NW OLD CORNELIUS PASS       ","","02235  ","NW SKYLINE BLVD             ","","1","0","9","","","1","INTER   ","False","3","3-LEG  ","False","False","False","","0","","","04","B","ANGL-OTH  ","6","TURN    ","4","INJ","1","CLR ","1","DRY ","1","DAY ","004","STOP SIGN ","True","5","NO RPT","","","","","","","02","NO-YIELD","03","PAS-STOP","","","","","","False","False","False","False","False","","","6","RURAL COUNTY ROAD","","","","1","02B","58_100670","","False","2020-12-06 18:16:31","2","0","0","0","1","1","0","1","0","0","0","0","0","0","0","0","0","0","0","2","2","2","0","0","0","0","0","0","0","0","0","N"
"1857775","02705","2019-05-29 00:00:00","05","29","2019","4","11","11A","34","Washington","92","Hillsboro","57","PORTLAND UA    ","14","U PR-ART","True","","","","","","","","","","","45","31","50.410000000000000","-122","57","25.010000000000000","45.530669073584570","-122.956946374453410","","","","","00405  ","NE CORNELL RD               ","","05025  ","NE 25TH AVE                 ","","1","0","2","","","1","INTER   ","False","1","CROSS  ","False","False","False","","1","","","09","E","S-1STOP   ","3","REAR    ","5","PDO","1","CLR ","1","DRY ","1","DAY ","001","TRF SIGNAL","True","0","NONE  ","","","","","","","29","F AVOID ","","","","","","","","False","False","False","False","False","8","100,001 to 200,000","3","URBAN CITY STREET ","","","","1","02B","58_202507","","False","2021-01-05 18:11:20","2","0","0","0","0","0","0","2","0","0","0","0","0","0","0","0","0","0","0","2","2","1","0","1","0","0","0","0","0","0","0","N"
"1836358","01467","2019-08-21 00:00:00","08","21","2019","4","18","6P ","09","Deschutes","","","","","07","R MJ-COL","False","","","","","","","","","","","43","45","53.610000000000000","-121","27","42.710000000000000","43.764891743037026","-121.461864963716730","","","","","HNTGN  ","HUNTINGTON RD               ","","04151  ","LAPINE STATE REC RD         ","","1","20","5","","","3","STRGHT  ","True","","","False","False","False","2","","0","NONE ","01","8","FIX OBJ   ","9","FIX     ","4","INJ","2","CLD ","2","WET ","1","DAY ","099","UNKNOWN   ","True","3","CITY  ","053","POLE UTL  ","","","","","33","RECKLESS","10","OTHR-IMP","","","","","0","True","False","False","False","False","","","6","RURAL COUNTY ROAD","","","","4","11 ","11_10014589","","False","2020-08-30 18:56:26","1","0","0","1","0","1","0","0","0","0","0","0","0","0","0","0","0","0","0","1","1","0","1","0","0","0","0","0","0","0","0","Y"
"1869182","00790","2019-07-26 00:00:00","07","26","2019","6","13","1P ","36","Yamhill","126","McMinnville","43","MCMINVL UA     ","14","U PR-ART","True","091","  ","PACIFIC HIGHWAY WEST","1","0","MN","0","R","","009100100S00","45","13","19.690000000000000","-123","11","45.810000000000000","45.222136512958860","-123.196057159053350","","","","","01901  ","PACIFIC HY 99W              ","","08019  ","19TH ST                     ","","1","","2","36.84","35","3","STRGHT  ","False","","","False","False","False","4","","0","NONE ","05","E","S-1STOP   ","3","REAR    ","5","PDO","1","CLR ","1","DRY ","1","DAY ","099","UNKNOWN   ","True","0","NONE  ","","","","","","","07","TOO-CLOS","","","","","0","","","False","False","False","False","False","6","25,001 to 50,000","4","URBAN HWY SYSTEM","OR","99W  ","OR 99W    ","2","03 ","293_3496","","False","2021-03-04 19:28:08","2","0","0","0","0","0","0","2","0","0","0","0","0","0","0","0","0","0","0","2","2","1","0","1","0","0","0","0","0","0","0","N"
"1840795","00515","2019-07-04 00:00:00","07","04","2019","5","12","12P","30","Umatilla","218","Umatilla","33","HERMSTON UA    ","18","U MN-COL","False","","","","","","","","","","","45","54","46.750000000000000","-119","15","56.630000000000000","45.912984727782290","-119.265731534677980","","","","","00109  ","BEACH ACCESS RD             ","","00406  ","COLUMBIA RIVER HY           ","","1","150","1","","45","3","STRGHT  ","False","","","False","False","False","2","","0","NONE ","07","E","S-1STOP   ","3","REAR    ","4","INJ","1","CLR ","1","DRY ","1","DAY ","000","NONE      ","True","3","CITY  ","","","","","","","07","TOO-CLOS","20","IMP PKNG","","","0","0","0","False","False","False","False","False","4","5,001 to 10,000","3","URBAN CITY STREET ","","","","5","12 ","40_30000837","","False","2021-04-14 09:10:51","2","0","0","1","0","1","0","1","0","0","0","0","0","0","0","0","0","0","0","2","2","2","0","0","0","0","0","0","0","0","0","N"
"1864161","01731","2019-09-30 00:00:00","09","30","2019","2","20","8P ","09","Deschutes","19","Bend","9","BEND UA        ","16","U MN-ART","False","","","","","","","","","","","44","3","4.870000000000000","-121","16","26.960000000000000","44.051353521050250","-121.274156244884300","","","","","00202  ","BEAR CREEK RD               ","","00656  ","SE AIRSTRIP DR              ","","1","50","3","","","3","STRGHT  ","False","","","False","False","False","2","","0","NONE ","06","C","S-STRGHT  ","3","REAR    ","5","PDO","1","CLR ","1","DRY ","2","DLIT","099","UNKNOWN   ","True","0","NONE  ","","","","","","","29","F AVOID ","07","TOO-CLOS","","","0","","","False","False","False","False","False","7","50,001 to 100,000","3","URBAN CITY STREET ","","","","4","10 ","11_10007455","","False","2021-02-05 18:54:14","2","0","0","0","0","0","0","2","0","0","0","0","0","0","0","0","0","0","0","2","2","2","0","0","0","0","0","0","0","0","0","N"
"1847181","02736","2019-09-06 00:00:00","09","06","2019","6","17","5P ","20","Lane","","","","","07","R MJ-COL","False","","","","","","","","","","","43","54","36.350000000000000","-123","15","2.470000000000000","43.910096886769070","-123.250686440138420","","","","","125000 ","LORANE HWY                  ","","798900 ","TERRITORIAL HY              ","","1","0","9","14.17","","1","INTER   ","False","3","3-LEG  ","False","False","False","","0","","","01","B","ANGL-OTH  ","6","TURN    ","4","INJ","1","CLR ","1","DRY ","1","DAY ","004","STOP SIGN ","True","1","STATE ","","","","","","","02","NO-YIELD","","","","","0","0","","False","False","False","False","False","","","6","RURAL COUNTY ROAD","","","","2","05 ","277_55388","","False","2020-11-02 07:26:51","2","0","0","0","1","1","0","2","0","0","0","0","0","0","0","0","0","0","0","3","3","3","0","0","0","0","0","0","0","0","0","N"
"1853169","10159","2019-10-31 00:00:00","10","31","2019","5","15","3P ","26","Multnomah","245","Portland SE","57","PORTLAND UA    ","17","U MJ-COL","False","","","","","","","","","","","45","29","22.680000000000000","-122","32","19.180000000000000","45.489632537910126","-122.538660741431270","","","","","01055  ","SE HOLGATE BLVD             ","","05122  ","SE 122ND AVE                ","","1","200","7","","","3","STRGHT  ","False","","","False","False","False","2","","0","NONE ","08","E","S-1STOP   ","3","REAR    ","4","INJ","1","CLR ","1","DRY ","1","DAY ","095","BUS STPSGN","True","3","CITY  ","","","","","","","29","F AVOID ","","","","","","","0","False","False","False","False","True","9","Over 200,000","1","PORTLAND CITY STREET","","","","1","02C","58_182928","","False","2020-12-12 18:21:10","2","0","0","0","1","1","0","1","0","0","0","0","0","0","0","0","0","0","0","2","2","1","0","1","0","0","0","0","0","0","0","N"
"1863179","02204","2019-06-03 00:00:00","06","03","2019","2","18","6P ","24","Marion","","","67","SALEM-KZ UA    ","16","U MN-ART","False","","","","","","","","","","","44","55","40.820000000000000","-122","58","19.320000000000000","44.928005982449780","-122.972032717009250","","","","","00022  ","STATE ST                    ","","","                            ","","","","0","0.74","","3","STRGHT  ","True","","","False","False","False","2","","0","NONE ","01","8","FIX OBJ   ","9","FIX     ","5","PDO","1","CLR ","1","DRY ","1","DAY ","099","UNKNOWN   ","True","2","COUNTY","040","CURB      ","121","FENCE     ","","","17","ILLNESS ","","","","","0","0","","False","False","False","False","False","","","9","SUBURBAN COUNTY ROAD","","","","2","03 ","53_10009501","","False","2021-02-02 21:18:07","1","0","0","0","0","0","0","1","0","0","0","0","0","0","0","0","0","0","0","1","1","1","0","0","0","0","0","0","0","0","0","Y"
"1847504","04596","2019-11-17 00:00:00","11","17","2019","1","18","6P ","24","Marion","184","Salem","67","SALEM-KZ UA    ","14","U PR-ART","True","","","","","","","","","","","44","56","55.560000000000000","-123","0","43.520000000000000","44.948765539651090","-123.012089666054630","","","","","01520  ","MARKET ST NE                ","","08018  ","18TH ST NE                  ","","1","0","9","","","1","INTER   ","False","1","CROSS  ","False","False","False","","0","","","02","H","O-1 L-TURN","6","TURN    ","4","INJ","2","CLD ","1","DRY ","3","DARK","004","STOP SIGN ","True","3","CITY  ","","","","","","","02","NO-YIELD","","","","","0","0","0","True","False","False","False","False","8","100,001 to 200,000","3","URBAN CITY STREET ","","","","2","03 ","53_10002979","","False","2020-11-04 16:40:25","2","0","0","0","1","1","0","1","0","0","0","0","0","0","0","0","0","0","0","2","2","1","0","1","0","0","0","0","0","0","0","N"
"1833564","01475","2019-04-20 00:00:00","04","20","2019","7","18","6P ","24","Marion","","","","","06","R MN-ART","False","051","  ","WILSONVILLE-HUBBARD","1","0","MN","0","R","","005100100S00","45","15","32.730000000000000","-122","46","10.130000000000000","45.259091073318780","-122.769480297312070","","","","","","                            ","","","                            ","","","","0","1.51","55","3","STRGHT  ","False","","","True","False","False","2","","0","NONE ","04","E","S-1STOP   ","3","REAR    ","4","INJ","1","CLR ","1","DRY ","1","DAY ","099","UNKNOWN   ","True","0","NONE  ","","","","","","","29","F AVOID ","","","","","","","","False","False","False","False","False","","","5","RURAL HWY SYSTEM","OR","551  ","OR 551    ","2","03 ","293_10567","","False","2020-08-11 21:01:14","2","0","0","0","1","1","0","1","0","0","0","0","0","0","0","0","0","0","0","2","2","1","0","1","0","0","0","0","0","0","0","N"
"1857514","01634","2019-02-23 00:00:00","02","23","2019","7","19","7P ","26","Multnomah","245","Portland SE","57","PORTLAND UA    ","14","U PR-ART","True","026","  ","MT. HOOD","1","0","MN","0","R","","002600100S00","45","29","50.700000000000000","-122","35","5.360000000000000","45.497416220137480","-122.584823204327760","","","","","01940  ","SE POWELL BLVD              ","","05076  ","SE 76TH AVE                 ","","1","","1","4.74","35","1","INTER   ","True","1","CROSS  ","False","False","False","","0","","","05","8","FIX OBJ   ","9","FIX     ","5","PDO","3","RAIN","2","WET ","3","DARK","004","STOP SIGN ","True","0","NONE  ","059","HYDRANT   ","092","PHANTOM   ","","","08","IMP-TURN","26","PHANTOM ","","","","","","False","False","False","False","False","9","Over 200,000","2","PORTLAND HWY SYSTEM","US","26   ","US 26     ","1","02B","293_19723","","False","2021-01-05 18:10:07","1","0","0","0","0","0","0","1","0","0","0","0","0","0","0","0","0","0","0","1","1","1","0","0","0","0","0","0","0","0","0","N"
"1809614","99994","2019-05-15 00:00:00","05","15","2019","4","11","11A","10","Douglas","","","","","02","R PR-ART","True","045","  ","UMPQUA","1","0","MN","0","R","","004500100S00","43","38","16.940000000000000","-123","32","47.450000000000000","43.638037941151900","-123.546512658895510","","","","","","                            ","","","                            ","","","","0","37.39","55","7","GRADE   ","True","","","False","False","False","4","","0","NONE ","02","3","PED       ","0","PED     ","2","FAT","0","UNK ","0","UNK ","1","DAY ","099","UNKNOWN   ","True","1","STATE ","072","OTHER WALL","128","CURVE INV ","","","20","IMP PKNG","","","","","","","","False","False","False","False","False","","","5","RURAL HWY SYSTEM","OR","38   ","OR 38     ","3","07 ","293_10384","","False","2021-05-05 20:55:33","1","1","0","0","0","0","0","0","1","1","0","0","0","0","0","0","0","0","0","0","1","0","0","0","0","0","0","0","0","0","0","N"
"1857529","00901","2019-06-20 00:00:00","06","20","2019","5","13","1P ","22","Linn","118","Lebanon","39","LEBANON UA     ","17","U MJ-COL","False","","","","","","","","","","","44","31","36.550000000000000","-122","54","25.410000000000000","44.526820164222010","-122.907057030505600","","","","","00104  ","AIRPORT RD                  ","","01501  ","MAIN ST                     ","","1","40","3","","","3","STRGHT  ","False","","","True","False","False","4","","0","NONE ","06","E","S-1STOP   ","3","REAR    ","5","PDO","1","CLR ","1","DRY ","1","DAY ","001","TRF SIGNAL","True","0","NONE  ","","","","","","","29","F AVOID ","","","","","","","","False","False","False","False","False","5","10,001 to 25,000","3","URBAN CITY STREET ","","","","2","04 ","19_416500052","","False","2021-01-05 18:10:10","2","0","0","0","0","0","0","2","0","0","0","0","0","0","0","0","0","0","0","2","2","1","0","1","0","0","0","0","0","0","0","N"